[{"name":"htmlwidgets","version":"1.3","src":{"file":"C:\/Program Files\/AppJ\/R\/R-3.6.0\/library\/htmlwidgets\/www"},"meta":null,"script":"htmlwidgets.js","stylesheet":null,"head":null,"attachment":null,"package":null,"all_files":true},{"name":"plotly-binding","version":"4.9.0","src":{"file":"\\\\homeblue02\/dps0lgb\/My_Documents\/R\/win-library\/3.6\/plotly\/htmlwidgets"},"meta":null,"script":"plotly.js","stylesheet":null,"head":null,"attachment":null,"package":null,"all_files":false},{"name":"typedarray","version":"0.1","src":{"file":"htmlwidgets\/lib\/typedarray"},"meta":null,"script":"typedarray.min.js","stylesheet":null,"head":null,"attachment":null,"package":"plotly","all_files":false},{"name":"jquery","version":"1.11.3","src":{"file":"C:\/Program Files\/AppJ\/R\/R-3.6.0\/library\/crosstalk\/lib\/jquery"},"meta":null,"script":"jquery.min.js","stylesheet":null,"head":null,"attachment":null,"package":null,"all_files":true},{"name":"crosstalk","version":"1.0.0","src":{"file":"C:\/Program Files\/AppJ\/R\/R-3.6.0\/library\/crosstalk\/www"},"meta":null,"script":"js\/crosstalk.min.js","stylesheet":"css\/crosstalk.css","head":null,"attachment":null,"package":null,"all_files":true},{"name":"plotly-htmlwidgets-css","version":"1.46.1","src":{"file":"htmlwidgets\/lib\/plotlyjs"},"meta":null,"script":null,"stylesheet":"plotly-htmlwidgets.css","head":null,"attachment":null,"package":"plotly","all_files":false},{"name":"plotly-main","version":"1.46.1","src":{"file":"htmlwidgets\/lib\/plotlyjs"},"meta":null,"script":"plotly-latest.min.js","stylesheet":null,"head":null,"attachment":null,"package":"plotly","all_files":false}]
