﻿Common_name,Genus,Species,Red_List_status,Population_trend,Mass_kg,Activity,EDGE_status,Publications
Hernández-Camacho's Night Monkey,Aotus,jorgehernandezi,DD,U,NA,N,NA,NA
Andean Night Monkey,Aotus,miconax,VU,D,NA,N,Y,3
Ursine Red Howler,Alouatta,arctoidea,LC,U,NA,NA,NA,NA
Spix's Howler,Alouatta,discolor,VU,D,NA,NA,NA,2
Amazon Black Howler,Alouatta,nigerrima,LC,U,NA,NA,NA,NA
Bolivian Red Howler,Alouatta,sara,LC,D,NA,NA,NA,1
Colombian Red Howler,Alouatta,seniculus,LC,U,NA,NA,NA,102
Maranhão Red-handed Howler,Alouatta,ululata,EN,D,NA,NA,NA,41
White-whiskered Spider Monkey,Ateles,marginatus,EN,D,NA,NA,Y,38
Peruvian Yellow-tailed Woolly Monkey,Lagothrix,flavicauda,CR,D,NA,NA,NA,59
Black-crowned Dwarf Marmoset,Callibella,humilis,VU,S,NA,NA,Y,121
Cruz Lima’s Saddle-back Tamarin,Leontocebus,cruzlimai,LC,U,NA,NA,NA,NA
Golden-mantled Saddle-back Tamarin,Leontocebus,tripartitus,NT,D,NA,NA,NA,NA
Rio Acarí Marmoset,Mico,acariensis,DD,U,NA,NA,NA,NA
Golden-white Tassel-ear Marmoset,Mico,chrysoleucos,DD,U,NA,NA,NA,NA
Rio Aripuanã Marmoset,Mico,intermedius,LC,D,NA,NA,NA,NA
Golden-white Bare-ear Marmoset,Mico,leucippe,VU,D,NA,NA,NA,NA
Marca's Marmoset,Mico,marcai,DD,U,NA,NA,NA,1
Rondon's Marmoset,Mico,rondoni,VU,D,NA,NA,NA,1
Sateré Marmoset,Mico,saterei,LC,U,NA,NA,NA,NA
Martin's Bare-faced Tamarin,Saguinus,martinsi,LC,U,NA,NA,NA,6
Western Black-handed Tamarin,Saguinus,niger,VU,D,NA,NA,NA,13
Eastern Black-handed Tamarin,Saguinus,ursulus,NE,U,NA,NA,NA,NA
Venezuelan Brown Capuchin,Cebus,brunneus,LC,U,NA,NA,NA,NA
Río Cesar White-fronted Capuchin,Cebus,cesarae,DD,D,NA,NA,NA,NA
Shock-headed Capuchin,Cebus,cuscinus,NT,D,NA,NA,NA,NA
Panamanian White-faced Capuchin,Cebus,imitator,LC,D,NA,NA,NA,3
Ka'apor Capuchin,Cebus,kaapori,CR,D,NA,NA,NA,3
Sierra de Perijá White-fronted Capuchin,Cebus,leucocephalus,NE,U,NA,NA,NA,NA
Santa Marta White-fronted Capuchin,Cebus,malitiosus,EN,D,NA,NA,NA,NA
Spix's White-fronted Capuchin,Cebus,unicolor,LC,U,NA,NA,NA,NA
Varied White-fronted Capuchin,Cebus,versicolor,EN,D,NA,NA,NA,NA
Black-headed Squirrel Monkey,Saimiri,vanzolinii,VU,U,NA,NA,NA,2
Hooded Capuchin,Sapajus,cay,LC,D,NA,NA,NA,2
Blond Capuchin,Sapajus,flavius,CR,D,NA,NA,NA,5
Large-headed Capuchin,Sapajus,macrocephalus,LC,D,NA,NA,NA,NA
Crested Capuchin,Sapajus,robustus,EN,D,NA,NA,NA,NA
Blond Titi,Callicebus,barbarabrownae,CR,D,NA,NA,Y,3
Coimbra-Filho's Titi,Callicebus,coimbrai,EN,D,NA,NA,NA,8
Southern Bahian Titi,Callicebus,melanochir,VU,D,NA,NA,Y,6
Black-fronted Titi,Callicebus,nigrifrons,NT,D,NA,NA,NA,11
Yellow-handed Titi,Cheracebus,lucifer,LC,U,NA,NA,NA,NA
Rio Purus Titi,Cheracebus,purinus,LC,U,NA,NA,NA,NA
Rio Juruá Collared Titi,Cheracebus,regulus,LC,U,NA,NA,NA,NA
Black Bearded Saki,Chiropotes,satanas,CR,D,NA,NA,NA,32
Uta Hick's Bearded Saki,Chiropotes,utahickae,EN,D,NA,NA,NA,2
Cazuza's Saki,Pithecia,cazuzai,NE,U,NA,NA,NA,NA
Golden-faced Saki,Pithecia,chrysocephala,LC,U,NA,NA,NA,3
Hairy Saki,Pithecia,hirsuta,NE,U,NA,NA,NA,3
Burnished Saki,Pithecia,inusta,NE,U,NA,NA,NA,NA
Isabel's Saki,Pithecia,isabela,NE,U,NA,NA,NA,1
Miller's Saki,Pithecia,milleri,DD,U,NA,NA,NA,2
Mittermeier's Tapajós Saki,Pithecia,mittermeieri,NE,U,NA,NA,NA,NA
Napo Saki,Pithecia,napensis,NE,U,NA,NA,NA,NA
Pissinatti's Bald-faced Saki,Pithecia,pissinattii,NE,U,NA,NA,NA,1
Rylands' Bald-faced Saki,Pithecia,rylandsi,NE,U,NA,NA,NA,NA
Vanzolini’s Bald-faced Saki,Pithecia,vanzolinii,DD,U,NA,NA,NA,NA
Madidi Titi,Plecturocebus,aureipalatii,LC,S,NA,NA,NA,NA
Lake Baptista Titi,Plecturocebus,baptista,LC,U,NA,NA,NA,NA
Prince Bernhard's Titi,Plecturocebus,bernhardi,LC,U,NA,NA,NA,NA
Caquetá Titi,Plecturocebus,caquetensis,CR,D,NA,NA,NA,NA
Ashy Titi,Plecturocebus,cinerascens,LC,U,NA,NA,NA,1
Rio Beni Titi,Plecturocebus,modestus,EN,D,NA,NA,NA,1
San Martín Titi,Plecturocebus,oenanthe,CR,D,NA,NA,NA,11
Olalla's Titi,Plecturocebus,olallae,EN,D,NA,NA,NA,1
Pale Titi,Plecturocebus,pallescens,LC,S,NA,NA,NA,1
Stephen Nash's Titi,Plecturocebus,stephennashi,DD,U,NA,NA,NA,NA
Toppin’s Titi,Plecturocebus,toppini,NE,U,NA,NA,NA,NA
Urubamba Brown Titi,Plecturocebus,urubambensis,NE,U,NA,NA,NA,NA
Preuss's Monkey,Allochrocebus,preussi,EN,D,NA,NA,NA,NA
Golden-bellied Mangabey,Cercocebus,chrysogaster,DD,D,NA,NA,NA,11
Sanje River Mangabey,Cercocebus,sanjei,EN,D,NA,NA,NA,18
Silver Monkey,Cercopithecus,doggetti,LC,D,NA,NA,NA,3
Spot-nosed Monkey,Cercopithecus,petaurista,LC,U,NA,NA,NA,8
Malbrouck Monkey,Chlorocebus,cynosuros,LC,S,NA,NA,NA,NA
Bale Monkey,Chlorocebus,djamdjamensis,VU,D,NA,NA,NA,2
Vervet Monkey,Chlorocebus,pygerythrus,LC,S,NA,NA,NA,14
Green Monkey,Chlorocebus,sabaeus,LC,S,NA,NA,NA,47
Tantalus Monkey,Chlorocebus,tantalus,LC,S,NA,NA,NA,3
Drill,Mandrillus,leucophaeus,EN,U,NA,NA,NA,36
Bouvier's Red Colobus,Piliocolobus,bouvieri,CR,U,NA,NA,NA,NA
Niger Delta Red Colobus,Piliocolobus,epieni,CR,D,NA,NA,NA,NA
Udzungwa Red Colobus,Piliocolobus,gordonorum,EN,D,NA,NA,NA,2
Semliki Red Colobus,Piliocolobus,semlikiensis,NE,U,NA,NA,NA,NA
Tshuapa Red Colobus,Piliocolobus,tholloni,NT,D,NA,NA,NA,NA
Temminick's Red Colobus,Piliocolobus,temminckii,EN,D,NA,NA,NA,2
Mountain Dwarf Galago,Galagoides,orinus,NT,D,NA,N,NA,NA
Cross River Squirrel Galago,Sciurocheirus,cameronensis,LC,U,NA,NA,NA,1
Makandé squirrel galago,Sciurocheirus,makandensis,NE,U,NA,N,NA,NA
Montagne d'Ambre Dwarf Lemur,Cheirogaleus,andvsabini,NE,U,NA,NA,NA,NA
Crossley's Dwarf Lemur,Cheirogaleus,crossleyi,DD,D,NA,N,NA,1
Lavasoa Dwarf lemur,Cheirogaleus,lavasoensis,NE,U,NA,N,NA,NA
Lesser Iron-gray Dwarf Lemur,Cheirogaleus,minusculus,DD,D,NA,N,NA,NA
Thomas's Dwarf Lemur,Cheirogaleus,thomasi,NE,U,NA,NA,NA,NA
Gerp's Mouse Lemur,Microcebus,gerpi,CR,D,NA,N,NA,NA
Marohita Mouse Lemur,Microcebus,marohita,CR,D,NA,N,NA,NA
Anosi Mouse lemur,Microcebus,tanosi,NE,U,NA,N,NA,NA
White-cheeked Macaque,Macaca,leucogenys,NE,U,NA,NA,NA,1
Arunachal Macaque,Macaca,munzala,EN,D,NA,NA,NA,9
Gorontalo Macaque,Macaca,nigrescens,VU,D,NA,NA,NA,3
Siberut Macaque,Macaca,siberu,VU,D,NA,NA,NA,2
Grey-shanked Douc,Pygathrix,cinerea,CR,D,NA,NA,NA,2
Golden Snub-nosed Monkey,Rhinopithecus,roxellana,EN,D,NA,NA,NA,139
Stryker's Snub-nosed Monkey,Rhinopithecus,strykeri,CR,D,NA,NA,NA,5
Malabar Sacred Langur,Semnopithecus,hypoleucos,VU,D,NA,NA,NA,NA
Tenasserim Langur,Trachypithecus,barbei,DD,D,NA,NA,NA,1
Delacour's Langur,Trachypithecus,delacouri,CR,D,NA,NA,NA,9
Hatinh Langur,Trachypithecus,hatinhensis,EN,D,NA,NA,NA,5
Laos Langur,Trachypithecus,laotum,VU,D,NA,NA,NA,2
Annamese Langur,Trachypithecus,margarita,EN,D,NA,NA,NA,NA
West Javan Langur,Trachypithecus,mauritius,VU,D,NA,NA,NA,3
Cat Ba Langur,Trachypithecus,poliocephalus,CR,D,NA,NA,NA,2
Selangor Silvery Langur,Trachypithecus,selangorensis,NE,U,NA,NA,NA,NA
Shortridge's Langur,Trachypithecus,shortridgei,EN,D,NA,NA,NA,2
Eastern Hoolock Gibbon,Hoolock,leuconedys,VU,D,NA,NA,NA,14
Bornean White-bearded Gibbon,Hylobates,albibarbis,EN,D,NA,NA,NA,16
East Bornean Gray Gibbon,Hylobates,funereus,EN,D,NA,NA,NA,NA
Hainan Crested Gibbon,Nomascus,hainanus,CR,S,NA,NA,NA,7
Eastern Black Crested Gibbon,Nomascus,nasutus,CR,D,NA,NA,NA,13
"Southern White-cheeked Crested
Gibbon",Nomascus,siki,EN,D,NA,NA,Y,NA
Gray Slender Loris,Loris,lydekkerianus,LC,D,NA,N,NA,37
Bangka Slow Loris,Nycticebus,bancanus,NE,U,NA,N,NA,1
Bornean Slow Loris,Nycticebus,borneanus,NE,U,NA,N,NA,1
Javan Slow Loris,Nycticebus,javanicus,CR,D,NA,N,NA,13
Kayan River Slow Loris,Nycticebus,kayan,NE,U,NA,N,NA,3
Peleng Tarsier,Tarsius,pelengensis,EN,D,NA,N,Y,NA
Siau Island Tarsier,Tarsius,tumpara,CR,D,NA,N,NA,NA
Eastern Gorilla,Gorilla,beringei,EN,D,130.00,NA,Y,111
Western Gorilla,Gorilla,gorilla,CR,D,120.95,NA,Y,2357
Sumatran Orangutan,Pongo,abelii,CR,D,57.15,NA,Y,100
Bornean Orangutan,Pongo,pygmaeus,EN,D,56.75,NA,Y,430
Chimpanzee,Pan,troglodytes,EN,D,52.75,NA,Y,1953
Natuna Islands Langur,Presbytis,natunae,VU,D,48.88,NA,NA,2
Bonobo,Pan,paniscus,EN,D,38.60,NA,Y,472
Chacma Baboon,Papio,ursinus,LC,S,21.17,NA,NA,344
Gelada,Theropithecus,gelada,LC,D,20.05,NA,NA,98
Guinea Baboon,Papio,papio,NT,U,20.00,NA,NA,5487
Mandrill,Mandrillus,sphinx,VU,U,19.87,NA,NA,126
Olive Baboon,Papio,anubis,LC,I,18.40,NA,NA,648
Yellow Baboon,Papio,cynocephalus,LC,S,18.30,NA,NA,584
Chamba Sacred Langur,Semnopithecus,ajax,EN,D,16.33,NA,NA,3
Tibetan Macaque,Macaca,thibetana,NT,D,15.55,NA,NA,111
Terai Sacred Langur,Semnopithecus,hector,NT,D,15.20,NA,NA,NA
Hamadryas Baboon,Papio,hamadryas,LC,I,15.03,NA,NA,565
Proboscis Monkey,Nasalis,larvatus,EN,D,14.70,NA,NA,65
Guizhou Snub-nosed Monkey,Rhinopithecus,brelichi,EN,D,14.50,NA,NA,18
Yunnan Snub-nosed Monkey,Rhinopithecus,bieti,EN,D,14.47,NA,NA,107
Barbary Macaque,Macaca,sylvanus,EN,D,13.00,NA,Y,209
Kipunji,Rungwecebus,kipunji,CR,D,13.00,NA,NA,15
Tufted Gray Langur,Semnopithecus,priam,NT,D,12.81,NA,NA,1
Nepal Sacred Langur,Semnopithecus,schistaceus,LC,D,12.81,NA,NA,6
Bengal Sacred Langur,Semnopithecus,entellus,LC,D,12.31,NA,NA,42
Tonkean Macaque,Macaca,tonkeana,VU,D,11.95,NA,NA,60
Capped Langur,Trachypithecus,pileatus,VU,D,11.46,NA,NA,12
Nilgiri Langur,Semnopithecus,johnii,VU,D,11.45,NA,NA,1
Tonkin Snub-nosed Monkey,Rhinopithecus,avunculus,CR,D,11.38,NA,NA,6
Siamang,Symphalangus,syndactylus,EN,D,11.30,NA,Y,41
Stump-tailed Macaque,Macaca,arctoides,VU,D,10.30,NA,Y,419
Black Langur,Trachypithecus,ebenus,EN,D,10.30,NA,NA,2
Golden Langur,Trachypithecus,geei,EN,D,10.23,NA,NA,16
Kinda Baboon,Papio,kindae,LC,S,10.00,NA,NA,14
Rhesus Macaque,Macaca,mulatta,LC,U,9.90,NA,NA,11300
Black-shanked Douc,Pygathrix,nigripes,EN,D,9.88,NA,NA,2
Red-shanked Douc,Pygathrix,nemaeus,EN,D,9.53,NA,NA,37
Japanese Macaque,Macaca,fuscata,LC,S,9.50,NA,NA,1045
Black Spider Monkey,Ateles,chamek,EN,D,9.37,NA,NA,19
Assamese Macaque,Macaca,assamensis,NT,D,9.10,NA,NA,48
Brown-headed Spider Monkey,Ateles,fusciceps,CR,D,9.03,NA,NA,220
Upper Guinea Red Colobus,Piliocolobus,badius,EN,D,9.00,NA,NA,10
Foa's Red Colobus,Piliocolobus,foai,NE,U,9.00,NA,NA,NA
Oustalet's Red Colobus,Piliocolobus,oustaleti,LC,D,9.00,NA,NA,NA
Tana River Red Colobus,Piliocolobus,rufomitratus,EN,D,9.00,NA,NA,2
Ashy Red Colobus,Piliocolobus,tephrosceles,EN,D,9.00,NA,NA,4
Heck's Macaque,Macaca,hecki,VU,D,9.00,NA,NA,6
Angolan Colobus,Colobus,angolensis,LC,U,8.96,NA,NA,18
Central American Black Howler,Alouatta,pigra,EN,D,8.92,NA,NA,161
Northern Muriqui,Brachyteles,hypoxanthus,CR,D,8.87,NA,NA,10
Sunda Pig-tailed Macaque,Macaca,nemestrina,VU,D,8.85,NA,NA,953
Southern Muriqui,Brachyteles,arachnoides,EN,D,8.84,NA,Y,34
Germain's Langur,Trachypithecus,germaini,EN,D,8.83,NA,NA,2
Red-faced Black Spider Monkey,Ateles,paniscus,VU,D,8.78,NA,Y,75
Variegated Spider Monkey,Ateles,hybridus,CR,D,8.7,NA,NA,4
King Colobus,Colobus,polykomos,VU,U,8.60,NA,NA,22
Guereza,Colobus,guereza,LC,U,8.59,NA,NA,86
Gray Woolly Monkey,Lagothrix,cana,EN,D,8.56,NA,Y,9
Black Colobus,Colobus,satanas,VU,D,8.51,NA,NA,10
Sooty Mangabey,Cercocebus,atys,NT,D,8.40,NA,NA,104
Red-capped Mangabey,Cercocebus,torquatus,VU,D,8.20,NA,NA,84
Pig-tailed Langur,Simias,concolor,CR,D,8.02,NA,NA,26
Patas Monkey,Erythrocebus,patas,LC,D,8.00,NA,NA,257
Zanzibar Red Colobus,Piliocolobus,kirkiii,EN,D,8.00,NA,NA,NA
Lang's Red Colobus,Piliocolobus,langi,NE,U,8.00,NA,NA,NA
Lomami Red Colobus,Piliocolobus,parmentieri,NE,U,8.00,NA,NA,NA
White-headed Langur,Trachypithecus,leucocephalus,CR,D,8.00,NA,NA,22
Moor Macaque,Macaca,maura,EN,D,7.90,NA,NA,7
Francois's Langur,Trachypithecus,francoisi,EN,D,7.89,NA,NA,39
White-bellied Spider Monkey,Ateles,belzebuth,EN,D,7.77,NA,NA,30
Western Black Crested Gibbon,Nomascus,concolor,CR,D,7.71,NA,NA,34
Crested Macaque,Macaca,nigra,CR,D,7.70,NA,NA,116
White-thighed Colobus,Colobus,vellerosus,VU,U,7.68,NA,NA,50
Agile Mangabey,Cercocebus,agilis,LC,S,7.67,NA,NA,11
Gray-cheeked Mangabey,Lophocebus,albigena,LC,D,7.56,NA,NA,30
Central American Spider Monkey,Ateles,geoffroyi,EN,D,7.54,NA,NA,15
Lion-tailed Macaque,Macaca,silenus,EN,D,7.50,NA,NA,121
Tana River Mangabey,Cercocebus,galeritus,EN,D,7.44,NA,NA,33
Humboldt's Woolly Monkey,Lagothrix,lagotricha,VU,D,7.15,NA,NA,4
Dusky Langur,Trachypithecus,obscurus,NT,D,7.13,NA,NA,7
White-naped Mangabey,Cercocebus,lunulatus,EN,D,7.00,NA,NA,19
Pennant's Red Colobus,Piliocolobus,pennantii,EN,D,7.00,NA,NA,NA
"Northern Yellow-cheeked Crested
Gibbon",Nomascus,annamensis,NE,U,7.00,NA,NA,NA
Western Hoolock Gibbon,Hoolock,hoolock,EN,D,6.88,NA,Y,70
Phayre's Langur,Trachypithecus,phayrei,EN,D,6.86,NA,NA,33
Thomas's Langur,Presbytis,thomasi,VU,D,6.77,NA,NA,15
Northern Black Crested Mangabey,Lophocebus,aterrimus,NT,D,6.75,NA,NA,5
Cross-marked Langur,Presbytis,chrysomelas,CR,D,6.72,NA,NA,2
Javan Langur,Presbytis,comata,EN,D,6.70,NA,NA,3
Indochinese Gray Langur,Trachypithecus,crepusculus,EN,D,6.70,NA,NA,NA
Purple-faced Langur,Semnopithecus,vetulus,EN,D,6.61,NA,NA,9
Banded Langur,Presbytis,femoralis,NT,D,6.55,NA,NA,1
Moloch Gibbon,Hylobates,moloch,EN,D,6.42,NA,NA,35
Red-handed Howler,Alouatta,belzebul,VU,D,6.4,NA,NA,19
Siberut Langur,Presbytis,siberu,EN,D,6.40,NA,NA,NA
Indri,Indri,indri,CR,D,6.34,NA,Y,32
Black-crested Sumatran Langur,Presbytis,melalophos,NT,D,6.33,NA,NA,19
Guianan Red Howler,Alouatta,macconnelli,LC,U,6.29,NA,NA,NA
Hose's Langur,Presbytis,hosei,DD,D,6.28,NA,NA,6
Mantled Howler,Alouatta,palliata,LC,U,6.25,NA,NA,328
East Javan Langur,Trachypithecus,auratus,VU,D,6.25,NA,NA,12
Silvered Langur,Trachypithecus,cristatus,NT,D,6.25,NA,NA,13
Maroon Langur,Presbytis,rubicunda,LC,D,6.18,NA,NA,13
Mentawai Langur,Presbytis,potenziani,CR,D,6.17,NA,NA,7
Diademed Sifaka,Propithecus,diadema,CR,D,6.13,NA,Y,61
Pale-thighed Langur,Presbytis,siamensis,NT,D,6.12,NA,NA,NA
Northern Pig-tailed Macaque,Macaca,leonina,VU,D,6.11,NA,NA,24
Colombian Woolly Monkey,Lagothrix,lugens,CR,D,6,NA,NA,17
L'Hoest's Monkey,Allochrocebus,lhoesti,VU,D,6.00,NA,NA,NA
Virungas Golden Monkey,Cercopithecus,kandti,EN,D,6.00,NA,NA,2
Southern Back Crested Mangabey,Lophocebus,opdenboschi,DD,D,6.00,NA,NA,NA
Rusty-mantled Mangabey,Lophocebus,osmani,LC,U,6.00,NA,NA,NA
Johnston's Mangabey,Lophocebus,johnstoni,LC,U,6.00,NA,NA,1
Ugandan Crested Mangabey,Lophocebus,ugandae,NE,U,6.00,NA,NA,NA
Miss Waldron's Red Colobus,Piliocolobus,waldronae,CR,D,6.00,NA,NA,1
Black-and-white Langur,Presbytis,bicolor,DD,D,6.00,NA,NA,NA
Miller's Langur,Presbytis,canicrus,EN,D,6.00,NA,NA,2
Sabah Grizzled Langur,Presbytis,sabana,EN,D,6.00,NA,NA,1
Black Sumatran Langur,Presbytis,sumatra,EN,D,6.00,NA,NA,8
Agile Gibbon,Hylobates,agilis,EN,D,5.85,NA,NA,33
Poeppig's Woolly Monkey,Lagothrix,poeppigii,VU,D,5.82,NA,NA,3
Mitered Langur,Presbytis,mitrata,EN,D,5.80,NA,NA,NA
Kloss's Gibbon,Hylobates,klossii,EN,D,5.80,NA,NA,20
"Southern Yellow-cheeked Crested
Gibbon",Nomascus,gabriellae,EN,D,5.80,NA,Y,5
Silky Sifaka,Propithecus,candidus,CR,D,5.75,NA,NA,7
"Northern White-cheeked Crested
Gibbon",Nomascus,leucogenys,CR,D,5.70,NA,NA,16
Milne-Edwards's Sifaka,Propithecus,edwardsi,EN,D,5.68,NA,Y,65
Blue Monkey,Cercopithecus,mitis,LC,D,5.62,NA,NA,103
Lar Gibbon,Hylobates,lar,EN,D,5.62,NA,NA,183
White-fronted Langur,Presbytis,frontata,VU,D,5.61,NA,NA,NA
Müller's Gibbon,Hylobates,muelleri,EN,D,5.53,NA,NA,14
Pileated Gibbon,Hylobates,pileatus,EN,D,5.47,NA,NA,22
Taiwanese Macaque,Macaca,cyclopis,LC,S,5.45,NA,NA,94
Paraguayan Howler,Alouatta,caraya,LC,D,5.38,NA,NA,152
De Brazza's Monkey,Cercopithecus,neglectus,LC,U,5.37,NA,NA,24
Brown Howler,Alouatta,guariba,LC,D,5.36,NA,NA,45
Bonnet Macaque,Macaca,radiata,LC,D,5.30,NA,NA,425
Putty-nosed Monkey,Cercopithecus,nictitans,LC,D,5.29,NA,NA,19
Sun-tailed Monkey,Allochrocebus,solatus,VU,U,5.00,NA,NA,NA
Syke's Monkey,Cercopithecus,albogularis,LC,U,5.00,NA,NA,13
Lesula,Cercopithecus,lomamiensis,NE,U,5.00,NA,NA,1
Preuss's Red Colobus,Piliocolobus,preussi,CR,D,5.00,NA,NA,NA
Abbott's Gray Gibbon,Hylobates,abbotti,EN,D,5.00,NA,NA,NA
Allen's Swamp Monkey,Allenopithecus,nigroviridis,LC,U,4.77,NA,NA,7
Perrier's Sifaka,Propithecus,perrieri,CR,D,4.65,NA,Y,3
Diana Monkey,Cercopithecus,diana,VU,D,4.50,NA,NA,28
Owl-faced Monkey,Cercopithecus,hamlyni,VU,D,4.50,NA,Y,5
Long-tailed Macaque,Macaca,fascicularis,LC,D,4.50,NA,NA,6171
Pagai Macaque,Macaca,pagensis,CR,D,4.50,NA,NA,1
Toque Macaque,Macaca,sinica,EN,D,4.45,NA,NA,34
Olive Colobus,Procolobus,verus,NT,U,4.43,NA,NA,10
Grivet Monkey,Chlorocebus,aethiops,LC,S,4.20,NA,NA,122
Dent's Monkey,Cercopithecus,denti,LC,D,4.00,NA,NA,2
Lowe's Monkey,Cercopithecus,lowei,LC,U,4.00,NA,NA,5
Roloway Monkey,Cercopithecus,roloway,EN,D,4.00,NA,NA,1
Booted Macaque,Macaca,ochreata,VU,D,3.95,NA,NA,5
Crowned Sifaka,Propithecus,coronatus,EN,D,3.90,NA,NA,5
Spix's Black-headed Uacari,Cacajao,ouakary,VU,D,3.8,NA,NA,NA
Crowned Monkey,Cercopithecus,pogonias,LC,D,3.75,NA,NA,6
Coquerel's Sifaka,Propithecus,coquereli,EN,D,3.73,NA,Y,29
Tattersall's Sifaka,Propithecus,tattersalli,CR,D,3.67,NA,Y,11
Campbell's Monkey,Cercopithecus,campbelli,LC,U,3.60,NA,NA,25
Red-eared Monkey,Cercopithecus,erythrotis,VU,D,3.58,NA,NA,3
Red Ruffed Lemur,Varecia,rubra,CR,D,3.58,NA,Y,40
Black-and-white Ruffed Lemur,Varecia,variegata,CR,D,3.58,NA,Y,135
Decken's Sifaka,Propithecus,deckenii,EN,D,3.53,NA,Y,NA
Wolf's Monkey,Cercopithecus,wolfi,LC,D,3.50,NA,NA,6
Moustached Monkey,Cercopithecus,cephus,LC,U,3.45,NA,NA,9
Red-tailed Monkey,Cercopithecus,ascanius,LC,U,3.43,NA,NA,43
Red-bellied Monkey,Cercopithecus,erythrogaster,VU,D,3.25,NA,NA,6
Mona Monkey,Cercopithecus,mona,LC,U,3.18,NA,NA,34
Bald Uacari,Cacajao,calvus,VU,D,3.17,NA,NA,18
Colombian White-faced Capuchin,Cebus,capucinus,LC,U,3.11,NA,NA,296
Guianan Brown Capuchin,Sapajus,apella,LC,D,3.09,NA,NA,29
Marañón White-fronted Capuchin,Cebus,yuracus,NE,U,3,NA,NA,NA
Guianan Beared Saki,Chiropotes,sagulatus,NE,U,3,NA,NA,11
Buffy Saki,Pithecia,albicans,VU,D,3,NA,Y,1
Dryas Monkey,Cercopithecus,dryas,CR,U,3.00,NA,NA,1
Sclater's Monkey,Cercopithecus,sclateri,VU,D,3.00,NA,NA,5
Verreaux's Sifaka,Propithecus,verreauxi,EN,D,2.96,NA,Y,161
Black-headed Uacari,Cacajao,melanocephalus,LC,S,2.94,NA,NA,19
Guianan Weeper Capuchin,Cebus,olivaceus,LC,U,2.91,NA,NA,33
White-nosed Bearded Saki,Chiropotes,albinasus,EN,D,2.82,NA,NA,3
Ecuadorian White-fronted Capuchin,Cebus,aequatorialis,CR,D,2.74,NA,NA,4
Humboldt's White-fronted Capuchin,Cebus,albifrons,LC,D,2.74,NA,NA,97
Rio Negro Beared Saki,Chiropotes,chiropotes,LC,S,2.74,NA,NA,64
Aye-aye,Daubentonia,madagascariensis,EN,D,2.56,N,NA,1
Bearded Capuchin,Sapajus,libidinosus,LC,D,2.51,NA,NA,28
Gray's Bald-faced Saki,Pithecia,irrorata,LC,U,2.5,NA,NA,7
Monk Saki,Pithecia,monachus,LC,U,2.5,NA,NA,3
Yellow-breasted Capuchin,Sapajus,xanthosternos,CR,D,2.44,NA,NA,5
Black Lemur,Eulemur,macaco,VU,D,2.39,C,Y,54
Red-collared Brown Lemur,Eulemur,collaris,EN,D,2.38,C,NA,20
White-fronted Brown Lemur,Eulemur,albifrons,EN,D,2.34,C,NA,13
Brown Lemur,Eulemur,fulvus,NT,D,2.29,C,NA,135
Equatorial Saki,Pithecia,aequatorialis,LC,D,2.25,NA,NA,NA
White-collared Brown Lemur,Eulemur,cinereiceps,CR,D,2.25,C,NA,8
Red-fronted Brown Lemur,Eulemur,rufifrons,NT,D,2.25,C,NA,9
Rufous Brown Lemur,Eulemur,rufus,VU,D,2.22,C,NA,56
Ring-tailed Lemur,Lemur,catta,EN,D,2.21,C,NA,441
Red-bellied Lemur,Eulemur,rubriventer,VU,D,1.96,C,Y,28
Blue-eyed Black Lemur,Eulemur,flavifrons,CR,D,1.85,C,NA,18
Sanford's Brown Lemur,Eulemur,sanfordi,EN,D,1.85,C,NA,2
Golden Bamboo Lemur,Hapalemur,aureus,CR,D,1.73,NA,Y,3
White-faced saki,Pithecia,pithecia,LC,U,1.5,NA,NA,112
Greater Bamboo Lemur,Prolemur,simus,CR,D,1.46,C,Y,7
Milton ́s titi monkey,Plecturocebus,miltoni,NE,U,1.34,NA,NA,NA
Northern Talapoin Monkey,Miopithecus,ogouensis,LC,S,1.34,NA,NA,1
Masked Titi,Callicebus,personatus,VU,D,1.25,NA,Y,15
White-collared Titi,Cheracebus,torquatus,LC,U,1.25,NA,NA,19
Southern Talapoin Monkey,Miopithecus,talapoin,LC,U,1.25,NA,NA,39
Lac Alaotra Bamboo Lemur,Hapalemur,alaotrensis,CR,D,1.24,C,Y,60
Azara's Night Monkey,Aotus,azarae,LC,D,1.21,C,NA,30
Eastern Woolly Lemur,Avahi,laniger,VU,D,1.21,N,NA,9
Mongoose Lemur,Eulemur,mongoz,CR,D,1.21,C,Y,16
Bengal Slow Loris,Nycticebus,bengalensis,VU,D,1.21,N,Y,10
Southern Woolly Lemur,Avahi,meridionalis,EN,D,1.18,N,NA,1
Crowned Lemur,Eulemur,coronatus,EN,D,1.18,C,Y,7
Ornate Titi,Plecturocebus,ornatus,VU,D,1.17,NA,NA,NA
Medem's Titi,Cheracebus,medemi,VU,D,1.16,NA,NA,NA
Thick-tailed Greater Galago,Otolemur,crassicaudatus,LC,S,1.15,N,NA,17
Betsileo Sportive Lemur,Lepilemur,betsileo,EN,D,1.15,N,NA,NA
Ecuadorian Squirrel Monkey,Saimiri,macrodon,LC,D,1.11,NA,NA,4
White-chested Titi,Cheracebus,lugens,LC,U,1.09,NA,NA,8
Coppery Titi,Plecturocebus,cupreus,LC,U,1.07,NA,NA,69
Hoffmann's Titi,Plecturocebus,hoffmannsi,LC,U,1.06,NA,NA,NA
Betsileo Woolly Lemur,Avahi,betsileo,EN,D,1.05,N,NA,NA
Peyrieras's Woolly Lemur,Avahi,peyrierasi,VU,D,1.05,N,NA,NA
Manombo Woolly Lemur,Avahi,ramanantsoavanai,VU,D,1.05,N,NA,NA
Bemaraha Woolly Lemur,Avahi,cleesei,EN,D,1.03,N,NA,NA
Wright's Sportive Lemur,Lepilemur,wrightae,EN,D,1.03,N,NA,NA
Northern Bamboo Lemur,Hapalemur,occidentalis,VU,D,1.02,C,Y,2
Red-crowned Titi,Plecturocebus,discolor,LC,U,1.01,NA,NA,8
Milne-Edwards's Potto,Perodicticus,edwardsi,LC,S,1.00,N,NA,1
East African Potto,Perodicticus,ibeanus,LC,S,1.00,N,NA,1
Mananara-Nord Sportive Lemur,Lepilemur,hollandorum,EN,D,1.00,N,NA,NA
Weasel Sportive Lemur,Lepilemur,mustelinus,NT,D,1.00,N,NA,9
Red-bellied Titi,Plecturocebus,moloch,LC,U,0.99,NA,NA,61
Zombitse Sportive Lemur,Lepilemur,hubbardi,EN,D,0.99,N,NA,NA
Gray-legged Night Monkey,Aotus,griseimembra,VU,D,0.97,N,NA,39
Small-toothed Sportive Lemur,Lepilemur,microdon,EN,D,0.97,N,NA,3
Black-headed Night Monkey,Aotus,nigriceps,LC,U,0.96,N,NA,5
Vieira's Titi,Plecturocebus,vieirai,NE,U,0.96,NA,NA,NA
White-eared Titi,Plecturocebus,donacophilus,LC,D,0.95,NA,NA,11
Seal's Sportive Lemur,Lepilemur,seali,VU,D,0.95,N,NA,NA
Milne-Edwards's Sportive Lemur,Lepilemur,edwardsi,EN,D,0.93,N,Y,17
Masoala Woolly Lemur,Avahi,mooreorum,EN,D,0.92,N,NA,NA
Lemurine Night Monkey,Aotus,lemurinus,VU,D,0.9,N,Y,36
Panamanian Night Monkey,Aotus,zonalis,DD,U,0.9,N,NA,2
Andohahela Sportive Lemur,Lepilemur,fleuretae,CR,D,0.89,N,NA,NA
Humboldt's Squirrel Monkey,Saimiri,cassiquiarensis,LC,U,0.88,NA,NA,NA
Chestnut-bellied Titi,Plecturocebus,caligatus,LC,U,0.88,NA,NA,NA
Masoala Sportive Lemur,Lepilemur,scottorum,EN,D,0.88,N,NA,NA
Nosy Be Sportive Lemur,Lepilemur,tymerlachsoni,CR,D,0.88,N,NA,NA
Black-capped Squirrel Monkey,Saimiri,boliviensis,LC,D,0.87,NA,NA,109
Gray's Sportive Lemur,Lepilemur,dorsalis,VU,D,0.87,N,NA,3
Southern Bamboo Lemur,Hapalemur,meridionalis,VU,D,0.86,C,NA,4
Ambodimahabibo Sportive Lemur,Lepilemur,otto,EN,D,0.86,N,NA,NA
Golden-backed Squirrel Monkey,Saimiri,ustus,NT,D,0.85,NA,NA,4
Sambirano Woolly Lemur,Avahi,unicolor,EN,D,0.85,N,NA,1
Brown Titi,Plecturocebus,brunneus,LC,U,0.83,NA,NA,8
West African Potto,Perodicticus,potto,LC,S,0.83,N,NA,61
Guianan Squirrel Monkey,Saimiri,sciureus,LC,D,0.81,NA,NA,1309
Black-horned Capuchin,Sapajus,nigritus,NT,D,0.8,NA,NA,11
Western Woolly Lemur,Avahi,occidentalis,EN,D,0.80,N,Y,9
Red-tailed Sportive Lemur,Lepilemur,ruficaudatus,VU,D,0.80,N,NA,15
Ma's Night Monkey,Aotus,nancymaae,LC,U,0.79,N,NA,47
Central American Squirrel Monkey,Saimiri,oerstedii,VU,D,0.79,NA,NA,14
Bemaraha Sportive Lemur,Lepilemur,randrianasoloi,EN,D,0.79,N,NA,NA
Anjiamangirana Sportive Lemur,Lepilemur,grewcockorum,EN,D,0.78,N,NA,NA
Manombo Sportive Lemur,Lepilemur,jamesorum,CR,D,0.78,N,NA,NA
Humboldt's Night Monkey,Aotus,trivirgatus,LC,U,0.77,N,NA,329
Ankarana Sportive Lemur,Lepilemur,ankaranensis,EN,D,0.77,N,Y,NA
Garnett's Greater Galago,Otolemur,garnettii,LC,S,0.76,N,NA,48
Antafia Sportive Lemur,Lepilemur,aeeclis,VU,D,0.73,N,NA,NA
Mittermeier's Sportive Lemur,Lepilemur,mittermeieri,EN,D,0.73,N,NA,NA
Daraina Sportive Lemur,Lepilemur,milanoii,EN,D,0.72,N,NA,NA
Gray Bamboo Lemur,Hapalemur,griseus,VU,D,0.71,NA,Y,60
Spix's Night Monkey,Aotus,vociferans,LC,D,0.7,N,NA,26
Sahamalaza Sportive Lemur,Lepilemur,sahamalazensis,CR,D,0.70,N,NA,6
Mottled-face Tamarin,Saguinus,inustus,LC,S,0.69,NA,NA,1
Sahafary Sportive Lemur,Lepilemur,septentrionalis,CR,D,0.68,N,Y,9
Brumback's Night Monkey,Aotus,brumbacki,VU,D,0.67,N,NA,1
Sunda Slow Loris,Nycticebus,coucang,VU,D,0.65,N,Y,106
Petter's Sportive Lemur,Lepilemur,petteri,VU,D,0.63,N,NA,NA
Golden Lion Tamarin,Leontopithecus,rosalia,EN,S,0.61,NA,NA,125
Tsiombikibo Sportive Lemur,Lepilemur,ahmansonorum,EN,D,0.61,N,NA,NA
White-footed Sportive Lemur,Lepilemur,leucopus,EN,D,0.61,N,NA,9
Black-faced Lion Tamarin,Leontopithecus,caissara,CR,D,0.58,NA,NA,8
Golden-headed Lion Tamarin,Leontopithecus,chrysomelas,EN,D,0.58,NA,NA,51
Black Lion Tamarin,Leontopithecus,chrysopygus,EN,D,0.58,NA,NA,17
Midas Tamarin,Saguinus,midas,LC,S,0.55,NA,NA,29
Goeldi's Monkey,Callimico,goeldii,VU,D,0.53,NA,NA,15
Mustached Tamarin,Saguinus,mystax,LC,S,0.52,NA,NA,122
Red-bellied Tamarin,Saguinus,labiatus,LC,S,0.51,NA,NA,62
Geoffroy's Tamarin,Saguinus,geoffroyi,LC,D,0.49,NA,NA,36
White-footed Tamarin,Saguinus,leucopus,EN,D,0.49,NA,NA,18
Black mantled tamarin,Leontocebus,nigricollis,LC,D,0.48,NA,NA,NA
Santarém Marmoset,Mico,humeralifer,DD,U,0.47,NA,NA,1
Emperor Tamarin,Saguinus,imperator,LC,D,0.47,NA,NA,18
Masoala Fork-marked Lemur,Phaner,furcifer,VU,D,0.46,N,NA,14
Bioko Squirrel Galago,Sciurocheirus,alleni,EN,U,0.44,N,NA,NA
Buffy-tufted-ear Marmoset,Callithrix,aurita,VU,D,0.43,NA,NA,20
Pied Tamarin,Saguinus,bicolor,EN,D,0.43,NA,NA,14
Buffy-headed Marmoset,Callithrix,flaviceps,EN,D,0.41,NA,NA,57
Cotton-top Tamarin,Saguinus,oedipus,CR,D,0.41,NA,NA,392
Weddell’s Saddle-back Tamarin,Leontocebus,weddelli,LC,D,0.4,NA,NA,NA
Greater Dwarf Lemur,Cheirogaleus,major,DD,D,0.40,N,NA,5
"Montagne D' Ambre Fork-marked
Lemur",Phaner,electromontis,EN,D,0.39,N,Y,NA
Wied's Black-tufted-ear Marmoset,Callithrix,kuhlii,NT,D,0.38,NA,NA,117
Black-tailed Marmoset,Mico,melanurus,LC,U,0.38,NA,NA,NA
Lesson's Saddle-back Tamarin,Leontocebus,fuscus,LC,D,0.37,NA,NA,NA
Red-mantled Saddle-back Tamarin,Leontocebus,lagonotus,LC,D,0.37,NA,NA,NA
Andean Saddle-back Tamarin,Leontocebus,leucogenys,LC,D,0.37,NA,NA,NA
Geoffroy's Saddle-back Tamarin,Leontocebus,nigrifrons,LC,D,0.37,NA,NA,NA
Maués Marmoset,Mico,mauesi,LC,S,0.37,NA,NA,NA
Geoffroy's Tufted-ear Marmoset,Callithrix,geoffroyi,LC,S,0.36,NA,NA,1636
Sambirano Fork-marked Lemur,Phaner,parienti,EN,D,0.36,N,Y,NA
Pygmy Slow Loris,Nycticebus,pygmaeus,VU,D,0.36,N,Y,36
Spix's Saddle-back Tamarin,Leontocebus,fuscicollis,LC,D,0.35,NA,NA,NA
Silvery Marmoset,Mico,argentatus,LC,D,0.35,NA,NA,6
Black-tufted-ear Marmoset,Callithrix,penicillata,LC,I,0.33,NA,NA,53
Pale Fork-marked Lemur,Phaner,pallescens,EN,D,0.33,N,NA,NA
Common Marmoset,Callithrix,jacchus,LC,S,0.32,NA,NA,34
Snethlage's Marmoset,Mico,emiliae,DD,U,0.32,NA,NA,NA
Black-headed Marmoset,Mico,nigriceps,DD,U,0.32,NA,NA,NA
Coquerel's Giant Mouse Lemur,Mirza,coquereli,EN,D,0.32,N,NA,7
Calabar Angwantibo,Arctocebus,calabarensis,LC,U,0.31,N,NA,3
Southern Needle-clawed Galago,Euoticus,elegantulus,LC,S,0.30,N,NA,3
Illiger's Saddle-back Tamarin,Leontocebus,illigeri,LC,D,0.29,NA,NA,NA
Northern Giant Mouse Lemur,Mirza,zaza,EN,D,0.29,N,NA,2
Fat-tailed Dwarf Lemur,Cheirogaleus,medius,LC,D,0.28,N,NA,43
Philippine Slow Loris,Nycticebus,menagensis,VU,D,0.28,N,NA,4
Sibree's Dwarf Lemur,Cheirogaleus,sibreei,CR,D,0.27,N,NA,1
Red Slender Loris,Loris,tardigradus,EN,D,0.27,N,Y,69
Gabon Squirrel Galago,Sciurocheirus,gabonensis,LC,U,0.26,N,NA,NA
Spectacled Lesser Galago,Galago,matschiei,LC,D,0.21,N,NA,6
Northern Lesser Galago,Galago,senegalensis,LC,S,0.21,N,NA,214
Golden Angwantibo,Arctocebus,aureus,LC,U,0.21,N,NA,NA
Somali Lesser Galago,Galago,gallarum,LC,S,0.20,N,NA,NA
Northern Needle-clawed Galago,Euoticus,pallidus,LC,U,0.19,N,NA,NA
Southern Lesser Galago,Galago,moholi,LC,S,0.18,N,NA,41
Kenya Coast Dwarf Galago,Galagoides,cocos,LC,S,0.14,N,NA,NA
Tanzania Coast Dwarf Galago,Galagoides,zanzibaricus,LC,S,0.14,N,NA,NA
Great Sangihe Tarsier,Tarsius,sangirensis,EN,D,0.14,N,Y,11
Mozambique Dwarf Galago,Galagoides,granti,LC,S,0.13,N,NA,2
Philippine Tarsier,Carlito,syrichta,NT,D,0.13,N,NA,1
Makassar Tarsier,Tarsius,fuscus,NE,U,0.13,N,NA,NA
Pygmy Marmoset,Cebuella,pygmaea,LC,D,0.12,NA,NA,NA
Thomas's Dwarf Galago,Galagoides,thomasi,LC,S,0.12,N,NA,2
Western Tarsier,Cephalopachus,bancanus,VU,D,0.12,N,Y,NA
Dian's Tarsier,Tarsius,dentatus,VU,D,0.11,N,Y,NA
Lariang Tarsier,Tarsius,lariang,DD,D,0.11,N,NA,NA
Wallace's Tarsier,Tarsius,wallacei,DD,D,0.11,N,NA,1
Selayar Tarsier,Tarsius,tarsier,VU,D,0.10,N,Y,54
Hairy-eared Dwarf Lemur,Allocebus,trichotis,VU,D,0.09,N,NA,8
Nosy Be Mouse Lemur,Microcebus,mamiratra,CR,D,0.08,N,NA,NA
Simmons's Mouse Lemur,Microcebus,simmonsi,EN,D,0.08,N,NA,NA
Rondo Dwarf Galago,Galagoides,rondoensis,CR,D,0.07,N,Y,NA
Golden-brown Mouse Lemur,Microcebus,ravelobensis,EN,D,0.07,N,Y,23
Bongolava Mouse Lemur,Microcebus,bongolavensis,EN,D,0.06,N,NA,NA
Ambarijeby Mouse Lemur,Microcebus,danfossi,EN,D,0.06,N,NA,NA
Gray-brown Mouse Lemur,Microcebus,griseorufus,LC,D,0.06,N,NA,14
Jolly's Mouse Lemur,Microcebus,jollyae,EN,D,0.06,N,NA,NA
Gray Mouse Lemur,Microcebus,murinus,LC,D,0.06,N,NA,299
Tavaratra Mouse Lemur,Microcebus,tavaratra,VU,D,0.06,N,Y,NA
Demidoff's Dwarf Galago,Galagoides,demidovii,LC,S,0.05,N,NA,9
Montagne d'Ambre Mouse Lemur,Microcebus,arnholdi,EN,D,0.05,N,NA,NA
Goodman's Mouse Lemur,Microcebus,lehilahytsara,VU,D,0.05,N,NA,2
Anjiahely Mouse Lemur,Microcebus,macarthurii,EN,D,0.05,N,NA,2
Margot Marsh's Mouse Lemur,Microcebus,margotmarshae,EN,D,0.05,N,NA,NA
Rufous Mouse Lemur,Microcebus,rufus,VU,D,0.05,N,NA,36
Sulawesi Mountain Tarsier,Tarsius,pumilus,DD,D,0.05,N,NA,7
Mittermeier's Mouse Lemur,Microcebus,mittermeieri,EN,D,0.04,N,NA,NA
Sambirano Mouse Lemur,Microcebus,sambiranensis,EN,D,0.04,N,Y,NA
Madame Berthe's Mouse Lemur,Microcebus,berthae,EN,D,0.03,N,Y,6
Peters's Mouse Lemur,Microcebus,myoxinus,VU,D,0.03,N,NA,4