"0",""
"0","#We can also put violin plots and box plots layered together."
"0","#We will put the fill aesthetic in the boxplot  code rather than the original aes, so only boxplot has solid colour"
"0","#REMEMBER aes elements are to indicate how to use a variable in the data. Things that aren't variables (like width here) go OUTSIDE the aes()."
"0","ggplot(pet_happy, aes(x = pet, y = happiness)) + "
"0","  geom_violin(show.legend = F, aes(color = pet))+"
"0","  geom_boxplot(aes(fill=pet), width=.5) "
