"0",""
"0","#Specifying fill and line colours manually is done like this"
"0","#Note, matching labels and legend heading for the fill and line colours means they get merged into one legend."
"0","ggplot(pet_happy, aes(x = pet, y = happiness, fill=pet, color=pet)) + "
"0","  geom_violin(show.legend = T) + "
"0","  scale_fill_manual(values=c(""green"",""purple""), labels= c(""Cats"", ""Dogs""), name=""Type of pet"")+"
"0","  scale_color_manual(values=c(""darkgreen"",""blue""), labels= c(""Cats"", ""Dogs""), name=""Type of pet"")"
"0",""
