"0","disgust <- read_csv(""data/disgust.csv"")%>%"
"0","  gather(question, score, moral1:pathogen7) %>%"
"0","  separate(question, into = c(""domain"", ""n""), sep=-1) %>%"
"0","  group_by(user_id,domain) %>%"
"0","  summarise(score = mean(score, na.rm = T)) %>%"
"0","  ungroup() %>%"
"0","  group_by(domain) %>%"
"0","  summarise(mean= mean(score, na.rm = T),"
"0","            sd = sd(score, na.rm = T)) %>%"
"0","  mutate_if(is.numeric, round,2)"
"2","Parsed with column specification:
cols(
  .default = col_double(),
  date = [34mcol_date(format = """")[39m
)
"
"2","See spec(...) for full column specifications.
"
"0","disgust"
