{"chunk_definitions":[{"chunk_id":"csetup_chunk","chunk_label":"setup","document_id":"78AC4992","expansion_state":0,"options":{"engine":"r","include":false,"label":"setup"},"row":20,"row_count":1,"visible":true},{"chunk_id":"c75urhx9rw4hx","chunk_label":"simulate","document_id":"78AC4992","expansion_state":0,"options":{"engine":"r","label":"simulate"},"row":64,"row_count":1,"visible":true},{"chunk_id":"c3hvseoutyvbk","chunk_label":"bar","document_id":"78AC4992","expansion_state":0,"options":{"engine":"r","label":"bar"},"row":87,"row_count":1,"visible":true},{"chunk_id":"cwiekuwwobzjt","chunk_label":"bar2","document_id":"78AC4992","expansion_state":0,"options":{"engine":"r","label":"bar2"},"row":99,"row_count":1,"visible":true},{"chunk_id":"cx3mbosy4yc3t","chunk_label":"hist","document_id":"78AC4992","expansion_state":0,"options":{"engine":"r","label":"hist"},"row":112,"row_count":1,"visible":true},{"chunk_id":"cwspzk8qxejg4","chunk_label":"dens","document_id":"78AC4992","expansion_state":0,"options":{"engine":"r","label":"dens"},"row":125,"row_count":1,"visible":true},{"chunk_id":"cpv33dm3ygr80","chunk_label":"den2s","document_id":"78AC4992","expansion_state":0,"options":{"engine":"r","label":"den2s"},"row":139,"row_count":1,"visible":true},{"chunk_id":"c00joabfmubdc","chunk_label":"unnamed-chunk-1","document_id":"78AC4992","expansion_state":0,"options":{"engine":"r","fig.align":"center","fig.cap":"histogram plus frequency polygon","fig.height":6,"fig.width":4,"label":"unnamed-chunk-5"},"row":152,"row_count":1,"visible":true},{"chunk_id":"c28zrhkc63kxd","chunk_label":"violin","document_id":"78AC4992","expansion_state":0,"options":{"engine":"r","label":"violin"},"row":174,"row_count":1,"visible":true},{"chunk_id":"cvf8nu6o37dfp","chunk_label":"box","document_id":"78AC4992","expansion_state":0,"options":{"engine":"r","label":"box"},"row":196,"row_count":1,"visible":true},{"chunk_id":"c81zr91ocxb6z","chunk_label":"col","document_id":"78AC4992","expansion_state":0,"options":{"engine":"r","label":"col"},"row":213,"row_count":1,"visible":true},{"chunk_id":"cdqevubpnl9gc","chunk_label":"point","document_id":"78AC4992","expansion_state":0,"options":{"engine":"r","label":"point"},"row":226,"row_count":1,"visible":true},{"chunk_id":"cm39us425f3oc","chunk_label":"point2","document_id":"78AC4992","expansion_state":0,"options":{"engine":"r","label":"point2"},"row":240,"row_count":1,"visible":true},{"chunk_id":"clgqmtqp9nhm0","chunk_label":"smth","document_id":"78AC4992","expansion_state":0,"options":{"engine":"r","label":"smth"},"row":268,"row_count":1,"visible":true},{"chunk_id":"cqcpzyl9pzhm3","chunk_label":"overlap","document_id":"78AC4992","expansion_state":0,"options":{"engine":"r","label":"overlap"},"row":279,"row_count":1,"visible":true},{"chunk_id":"c92t8jvxvmrnt","chunk_label":"overlap2","document_id":"78AC4992","expansion_state":0,"options":{"engine":"r","label":"overlap"},"row":284,"row_count":1,"visible":true},{"chunk_id":"ch9wpgmff23bh","chunk_label":"overlap3","document_id":"78AC4992","expansion_state":0,"options":{"engine":"r","label":"overlap"},"row":295,"row_count":1,"visible":true},{"chunk_id":"c2od6uk4ysket","chunk_label":"overlap4","document_id":"78AC4992","expansion_state":0,"options":{"engine":"r","label":"overlap"},"row":304,"row_count":1,"visible":true},{"chunk_id":"c2mn622s9seot","chunk_label":"interact","document_id":"78AC4992","expansion_state":0,"options":{"engine":"r","label":"interact"},"row":319,"row_count":1,"visible":true},{"chunk_id":"crbeqkt451hbh","chunk_label":"unnamed-chunk-2","document_id":"78AC4992","expansion_state":0,"options":{"engine":"r","label":"unnamed-chunk-6"},"row":332,"row_count":1,"visible":true},{"chunk_id":"cbn1cfzr4pzat","chunk_label":"unnamed-chunk-3","document_id":"78AC4992","expansion_state":0,"options":{"engine":"r","label":"unnamed-chunk-7"},"row":338,"row_count":1,"visible":true},{"chunk_id":"cr7l38uc73zem","chunk_label":"unnamed-chunk-4","document_id":"78AC4992","expansion_state":0,"options":{"engine":"r","label":"unnamed-chunk-8"},"row":346,"row_count":1,"visible":true},{"chunk_id":"c6ss25bnsabjk","chunk_label":"unnamed-chunk-5","document_id":"78AC4992","expansion_state":0,"options":{"engine":"r","label":"unnamed-chunk-9"},"row":360,"row_count":1,"visible":true}],"chunk_rendered_width":400,"default_chunk_options":{"echo":true,"message":true,"warning":true},"doc_write_time":1567426298,"working_dir":null}