{"chunk_definitions":[{"chunk_id":"csetup_chunk","chunk_label":"setup","document_id":"8B3C2952","expansion_state":0,"options":{"engine":"r","include":false,"label":"setup"},"row":19,"row_count":1,"visible":true},{"chunk_id":"cnr2ptiobap21","chunk_label":"unnamed-chunk-1","document_id":"8B3C2952","expansion_state":0,"options":{"engine":"r","label":"unnamed-chunk-1"},"row":34,"row_count":1,"visible":true}],"default_chunk_options":{"echo":true,"message":true,"warning":true},"doc_write_time":1567415779,"working_dir":null}