{"chunk_definitions":[{"chunk_id":"csetup_chunk","chunk_label":"setup","document_id":"11B33862","expansion_state":0,"options":{"engine":"r","include":false,"label":"setup"},"row":19,"row_count":1,"visible":true},{"chunk_id":"cyk0n914g4yvb","chunk_label":"unnamed-chunk-1","document_id":"11B33862","expansion_state":0,"options":{"engine":"r","label":"unnamed-chunk-1"},"row":34,"row_count":1,"visible":true},{"chunk_id":"cupf3cuwjmldi","chunk_label":"unnamed-chunk-2","document_id":"11B33862","expansion_state":0,"options":{"engine":"r","label":"unnamed-chunk-2"},"row":48,"row_count":1,"visible":true},{"chunk_id":"czc49wnfdnp0o","chunk_label":"unnamed-chunk-3","document_id":"11B33862","expansion_state":0,"options":{"engine":"r","label":"unnamed-chunk-3"},"row":59,"row_count":1,"visible":true},{"chunk_id":"czvg130pyg15y","chunk_label":"unnamed-chunk-4","document_id":"11B33862","expansion_state":0,"options":{"engine":"r","label":"unnamed-chunk-4"},"row":71,"row_count":1,"visible":true}],"default_chunk_options":{"echo":true,"message":true,"warning":true},"doc_write_time":1567426131,"working_dir":null}