{"chunk_definitions":[{"chunk_id":"csetup_chunk","chunk_label":"setup","document_id":"852FFEFF","expansion_state":0,"options":{"echo":true,"engine":"r","include":false,"label":"setup"},"row":34,"row_count":1,"visible":true},{"chunk_id":"c85kgkxvuxo08","chunk_label":"unnamed-chunk-1","document_id":"852FFEFF","expansion_state":0,"options":{"echo":false,"engine":"r","fig.align":"right","fig.width":1.500000000000000,"label":"unnamed-chunk-10"},"row":75,"row_count":1,"visible":true},{"chunk_id":"clvibqppt6086","chunk_label":"unnamed-chunk-2","document_id":"852FFEFF","expansion_state":0,"options":{"engine":"r","label":"unnamed-chunk-11"},"row":95,"row_count":1,"visible":true},{"chunk_id":"c1t2ghsoexlqd","chunk_label":"unnamed-chunk-3","document_id":"852FFEFF","expansion_state":0,"options":{"engine":"r","label":"unnamed-chunk-12"},"row":103,"row_count":1,"visible":true},{"chunk_id":"cbj6frehta2yy","chunk_label":"unnamed-chunk-4","document_id":"852FFEFF","expansion_state":0,"options":{"engine":"r","label":"unnamed-chunk-13"},"row":119,"row_count":1,"visible":true}],"default_chunk_options":{"echo":true,"fig.align":true,"fig.height":7.000000000000000,"fig.width":7.000000000000000,"message":true,"warning":true},"doc_write_time":1567426604,"working_dir":null}